id,socrata_published_at,title_ca,slug,short_description_ca,process_type,scope_id,scope_name_ca,department_id,department_name_ca,participatory_space,normative_type_id,normative_type_name_ca,duration_days,start_date,end_date,cost,has_record,facilitators,promoting_unit,total_num_participants,total_num_entities,proposals_num_authors,proposals_num_author_entities,total_num_proposals,total_accepted_proposals,total_rejected_proposals,total_evaluating_proposals,proposals_num_proposals,meetings_num_participants,meetings_num_entities,total_num_meetings,meetings_num_proposals,debates_num_debates,has_related_assembly,related_assembly_name_ca
83,2019-04-24,Projecte d'ordre sobre obligacions de transparència de les fundacions i les associacions declarades d'utilitat pública,transparencia-fundacions-associacions,Projecte d'ordre sobre obligacions de transparència de les fundacions i les associacions declarades d'utilitat pública,,,,,,normativa,,,,,2017-07-15,,false,,,0,0,0,0,0,0,0,0,0,0,0,0,0,0,false,
53,2019-04-24,Consulta prèvia a l'elaboració del nou decret per regular el servei de menjador escolar,servei-menjador-escolar,Consulta prèvia a l'elaboració del nou decret per regular el servei de menjador escolar,virtual,,,,,normativa,,,,,2017-02-13,,false,,,127,0,127,0,156,0,0,0,156,0,0,0,0,0,false,
167,2019-04-24,Acte de presentació del nou portal de participació ciutadana ,presentacioportalparticipa,"El nou portal de participació ciutadana de la Generalitat de Catalunya esdevé un espai de trobada entre Administració i ciutadania. Vine el proper 5 de novembre, a les 18h a conèixer la plataforma i participar del debat ""Els reptes de la democràcia a l'era digital"".",presencial,,,,,procès,,,0,2018-11-05,2018-11-05,,false,,,0,0,0,0,0,0,0,0,0,0,0,1,0,0,false,
155,2019-04-24,Consulta prèvia del Decret d'aprovació del Codi d'accessibilitat de Catalunya,CODIACCESSIBILITAT,"La iniciativa determina els requisits, els paràmetres i els criteris per complir les condicions d'accessibilitat previstes a la Llei 13/2014, del 30 d'octubre, d'accessibilitat. Desenvolupa les condicions aplicables a les actuacions noves i a les adreçades a la progressiva transformació de l'entorn existent.",virtual,,,,,normativa,,,14,2018-09-28,2018-10-12,,false,,,1,1,1,1,2,0,0,0,2,0,0,0,0,0,false,
91,2019-04-24,Consulta pública prèvia sobre l'elaboració de l'Avantprojecte de Llei de patrimoni de la Generalitat de Catalunya,llei-patrimoni-generalitat,Consulta pública prèvia sobre l'elaboració de l'Avantprojecte de Llei de patrimoni de la Generalitat de Catalunya,,,,,,normativa,,,,,2017-09-30,,false,,,0,0,0,0,0,0,0,0,0,0,0,0,0,0,false,
50,2019-04-24,Consulta prèvia a l'elaboració de la llei de contractes de serveis a les persones,llei-de-contractes,Consulta prèvia a l'elaboració de la llei de contractes de serveis a les persones ,,,,,,normativa,,,,,2016-12-27,,false,,,0,0,0,0,0,0,0,0,0,0,0,0,0,0,false,
130,2019-04-24,"Avantprojecte modificació Llei 16/2015, Simplificació administrativa i impuls activitat econòmica",Simplificacioadminiimpulsactivitateconomica,"En consonància amb els principis i criteris establerts per la llei 16/2015, de simplificació administrativa, que han de seguir les administracions públiques de Catalunya, la Generalitat de Catalunya considera que és necessari que les administracions públiques catalanes continuïn treballant per fer efectiva la relació amb les empreses, de forma exclusivament electrònica.",virtual,,,,,normativa,,,74,2018-07-09,2018-09-21,,false,,,8,0,8,0,8,0,0,0,8,0,0,0,0,0,false,
12,2019-04-24,La tecnologia com a instrument de relació amb l'Administració,tecnologia-instrument-admnistracio, ,virtual,,,,,procès,,,,,2015-09-30,,false,,,2,0,2,0,3,0,0,0,3,0,0,0,0,0,false,
147,2019-04-24,Procés participatiu sobre els equipaments cívics de Catalunya,equipaments,"Els Casals cívics de la Generalitat de Catalunya són espais públics de participació i convivència oberts a tothom, que fomenten la cultura cívica afavorint la convivència i la cohesió social. També promouen iniciatives de la comunitat que potenciïn espais d’intercanvi d’experiències personals, socials i comunitàries entre persones, i que tinguin per objectiu la prevenció, la integració i el treball a la comunitat.",,,,,,procès,,,39,2017-10-16,2017-11-24,,false,,,0,0,0,0,0,0,0,0,0,0,0,0,0,0,false,
57,2019-04-24,Procés participatiu per al desenvolupament de l'economia col·laborativa a Catalunya,desenvolupament-economia-colaborativa-catalunya,"El fenomen de l’economia col·laborativa, al llarg d’aquests darrers anys, ha esdevingut una realitat cada cop més tangible. El Govern de la Generalitat de Catalunya vol acompanyar el desenvolupament d’aquest nou fenomen, amb l’objectiu de garantir el correcte funcionament dels mercats, els drets dels consumidors i fomentar la innovació i noves tecnologies. Així, a través de l’Acord de Govern de 5 d’abril de 2016, es crea la Comissió Interdepartamental d’Economia Col·laborativa per què analitzi aquest nou fenomen des de diferents òptiques: visió transversal, sectorial, laboral, fiscal, etc.",virtual,,,,,procès,,,,,2017-09-06,,false,,,127,0,127,0,165,0,0,0,165,0,0,0,0,0,false,
90,2019-04-24,Consulta prèvia a l'elaboració d'un projecte de decret per a la creació de l'Observatori de l'Equitat en el sistema educatiu no universitari,creacio-observatori-equitat, Consulta prèvia a l'elaboració d'un projecte de decret per a la creació de l'Observatori de l'Equitat en el sistema educatiu no universitari,,,,,,normativa,,,20,2017-08-01,2017-08-21,,false,,,0,0,0,0,0,0,0,0,0,0,0,0,0,0,false,
101,2019-04-24,Consulta pública sobre la utilització d’armes per part de membres del Cos d’Agents Rurals,armes-cos-agents-rurals,Consulta pública sobre la utilització d’armes per part de membres del Cos d’Agents Rurals,,,,,,normativa,,,,,2017-09-28,,false,,,0,0,0,0,0,0,0,0,0,0,0,0,0,0,false,
144,2019-04-24,"Consulta sobre la modificació del Decret 61/2015, de 28 d'abril, sobre els productors i operadors de mitjans de defensa fitosanitària de Catalunya i les agrupacions de defensa vegetal",defensa-fitosanitaria,L’actual regulació sobre productors i operadors de mitjans de defensa fitosanitària de Catalunya no garanteix la lliure prestació de serveis de defensa fitosanitària de tots els prestadors que operen a Catalunya ni permet que determinades entitats puguin ser considerades agrupacions de defensa vegetal.,,,,,,normativa,,,27,2018-09-03,2018-09-30,,false,,,0,0,0,0,0,0,0,0,0,0,0,0,0,0,false,
106,2019-04-24,Procés participatiu tipus tipus,Ptipus,"Aquest apartat és el que es visualitza en la part principal de la pàgina del procés, heu d'explicar en 3 línies l'objectiu del procés participatiu",ambdos,1,Nacional,,,,,Nacional,,,,,false,,,0,0,0,0,0,0,0,0,0,0,0,1,0,1,false,
107,2019-04-24,Procés participatiu per a la certificació Starlight i Pla ZEPQA per al Parc Nacional d'Aigüestortes i l'Estany de Sant Maurici,starlight,"",ambdos,,,,,procès,,,21,2017-11-13,2017-12-04,,false,,,0,0,0,0,0,0,0,0,0,0,0,2,0,1,false,
41,2019-04-24,Procés participatiu per definir els criteris per planificar i ordenar el servei d’atenció sanitària continuada i urgent,planificar-ordenar-atencio-sanitaria, ,virtual,,,,,procès,,,,,2016-11-28,,false,,,24,0,24,0,27,0,0,0,27,0,0,0,0,0,false,
89,2019-04-24,Avantprojecte de decret sobre el Registre de grups d’interès de Catalunya,registre-grups-interes-catalunya, Avantprojecte de decret sobre el Registre de grups d’interès de Catalunya,virtual,,,,,normativa,,,,,2017-07-29,,false,,,4,0,4,0,6,0,0,0,6,0,0,0,0,0,false,
156,2019-04-24,Consultes de la Comissió Europea,ConsultesUnioEuropea,Espai al portal de participació de la Generalitat de Catalunya on s'enllaça a la pàgina de la Unió Europea (UE) en matèria de consultes públiques. ,,,,,,procès,,,1461,2018-10-01,2022-10-01,,false,,,0,0,0,0,0,0,0,0,0,0,0,0,0,0,false,
27,2019-04-24,"Els productes ecològics de Catalunya haurien de tenir una identificació específica del seu orígen, a més del logotip europeu de la producció ecològica?",productes-ecologics-catalunya, ,virtual,,,,,procès,,,,,2016-02-15,,false,,,8,0,8,0,8,0,0,0,8,0,0,0,0,0,false,
181,2019-04-24,"Consulta pública prèvia a l’elaboració d’un projecte de decret de modificació del Decret 266/2007, de 4 de desembre, pel qual s’aprova el Reglament del Cos d’Agents Rurals.",agentsrurals,"La supressió de la categoria auxiliar de l'escala bàsica del cos d'agents rurals, i la modificació del sistema de provisió dels llocs de cap d'àrea regional són algunes de les modificacions normatives que no estan incloses a l'actual reglament del cos d'agents rurals. Cal fer una modificació del reglament per adaptar-lo als canvis normatius dels últims anys.",,,,,,normativa,,,7,2018-11-13,2018-11-20,,false,,,0,0,0,0,0,0,0,0,0,0,0,0,0,0,false,
168,2019-04-24,Procés participatiu per elaborar el Pla de Govern Obert,governobert,"Durant els primers mesos de l’any 2019, en el marc de l’elaboració Pla Govern Obert de la Generalitat 2019-2021, s’obrirà un procés participatiu a la ciutadania en relació a les prioritats de les polítiques públiques de la Generalitat de Catalunya en matèria de Dades Obertes, Transparència, Participació ciutadana i integritat pública.",,,,,,procès,,,89,2019-01-01,2019-03-31,,false,,,0,0,0,0,0,0,0,0,0,0,0,0,0,0,false,
62,2019-04-24,Procés participatiu per a un Pacte Nacional de l'Activitat Física i l'Esport a Catalunya,activitat-fisica-esport-catalunya,Participa en l’elaboració del Pacte Nacional de l'Activitat Física i l'Esport de CatalunyaLa Secretaria General de l’Esport ha posat en marxa l'elaboració d'un Pacte Nacional per recollir les propostes del sector i preparar el nou model de governança de l'esport català amb l’objectiu de  una nova llei de l’esport. ,ambdos,,,,,procès,,,,,2017-06-03,,false,,,14,0,14,0,22,0,0,0,22,0,0,1,0,0,false,
77,2019-04-24,"Consulta prèvia de participació del Projecte de reglament de regularització de situacions residencials sense títol habilitant, en habitatges propietat o gestionats per administracions o entitats públiques",regularitzacio-situacions-residencials,"Consulta prèvia de participació del Projecte de reglament de regularització de situacions residencials sense títol habilitant, en habitatges propietat o gestionats per administracions o entitats públiques",,,,,,normativa,,,,,2017-05-02,,false,,,0,0,0,0,0,0,0,0,0,0,0,0,0,0,false,
166,2019-04-24,Comissió per a la sostenibilitat de les Terres de l'Ebre,comisio-sostenibilitat-terres-ebre,"Espai de participació, consultiu, assessor i de concertació amb l'objectiu d'assegurar la sostenibilitat futura de les Terres de l'Ebre.",,,,,,,,,,,,,false,,,0,0,0,0,0,0,0,0,0,0,0,0,0,0,false,
123,2019-04-24,Consulta pública prèvia de control d'accès de persones inscrites en el Registre de prohibits als salons de joc,resgistre-salons-joc,Consulta pública prèvia de control d'accès de persones inscrites en el Registre de prohibits als salons de joc,,,,,,normativa,,,31,2017-10-19,2017-11-19,,false,,,0,0,0,0,0,0,0,0,0,0,0,0,0,0,false,
136,2019-04-24,Consulta pública prèvia sobre el decret de composició i funcionament intern dels òrgans urbanístics col·legiats de la Generalitat ,organsurbanisticscollegiats,"El projecte de decret haurà de preveure en primer lloc la creació de la Comissió Territorial d'Urbanisme del Penedès. També regularà la composició dels òrgans urbanístics de manera que els òrgans unipersonals immediatament inferiors jeràrquicament al titular del Departament tinguin l’adequada participació amb independència de quina sigui l’estructura departamental que s’adopti.I també la composició de la Comissió de Política Territorial i d’Urbanisme de Catalunya i de les comissions territorials d’urbanisme, tot augmentant-ne el nombre de vocalies per tal de possibilitar la participació de tots aquells col·legis professionals més estretament relacionats amb les matèries d’urbanisme, habitatge i medi ambient.",virtual,,,,,normativa,,,32,2018-09-05,2018-10-07,,false,,,4,0,4,0,5,0,0,5,5,0,0,0,0,0,false,
71,2019-04-24,Procés participatiu per a l'elaboració de l'Estratègia de patrimoni natural i biodiversitat de Catalunya,estrategia-patrimoni-cultural, ,virtual,,,,,procès,,,,,2017-05-02,,false,,,3,0,3,0,3,0,0,0,3,0,0,0,0,0,false,
11,2019-04-24,Procés participatiu per a la Reforma Horària,proces-reforma-horaria,"La reforma horària és una demanda de part de la societat civil que s’ha articulat a través de la Iniciativa per a la Reforma Horària, entitat sense afany de lucre que es constitueix amb l’objectiu que es modifiquin els horaris d’acord a una ordenació del temps més adaptada als estàndards europeus i a la cronobiologia de les persones.",ambdos,,,,,procès,,,,,2015-09-01,,false,,,73,0,73,0,106,0,0,0,106,0,0,1,0,0,false,
94,2019-04-24,Consulta pública prèvia per regular la formació de persones estrangeres en centres de treball en el marc dels programes formatius adreçats a col·lectius vulnerables,regular-formacio-persones-estrangeres,Consulta pública prèvia per regular la formació de persones estrangeres en centres de treball en el marc dels programes formatius adreçats a col·lectius vulnerables,,,,,,normativa,,,,,2017-09-07,,false,,,0,0,0,0,0,0,0,0,0,0,0,0,0,0,false,
135,2019-04-24,Procés de prova per penjar documents,marina,Prova Marina,,,,,,procès,,,,,,,false,,,0,0,0,0,0,0,0,0,0,0,0,0,0,0,false,
78,2019-04-24,Consulta pública prèvia a l'elaboració del Projecte de decret relatiu al reglament del registre d'habitatges buits i d'habitatges ocupats sense títol habilitant,reglament-registre-habitatges,Consulta pública prèvia a l'elaboració del Projecte de decret relatiu al reglament del registre d'habitatges buits i d'habitatges ocupats sense títol habilitant,virtual,,,,,normativa,,,,,2017-05-02,,false,,,1,0,1,0,2,0,0,0,2,0,0,0,0,0,false,
4,2019-04-24,Millorar la participació ciutadana,millorar-participacio-ciutadana, ,virtual,,,,,procès,,,,,2015-09-30,,false,,,1,0,1,0,1,0,0,0,1,0,0,0,0,0,false,
67,2019-04-24,Procés participatiu per a l'elaboració del IV Pla Integral del Poble Gitano,pla-integral-poble-gitano,"Participa en l’elaboració del Pla Integral del Poble Gitano a Catalunya, l’eina de la qual es dota la Generalitat de Catalunya per a donar suport a la comunitat gitana i millorar la seva situació en la societat catalana.",virtual,,,,,procès,,,,,2017-04-28,,false,,,2,0,2,0,2,0,0,0,2,0,0,0,0,0,false,
40,2019-04-24,Projecte de llei per a la Igualtat de tracte i la no-discriminació,igualtat-tracte-no-discriminacio,Projecte de llei per a la Igualtat de tracte i la no-discriminació,virtual,,,,,,,,,,2016-10-28,,false,,,17,0,17,0,20,0,0,0,20,0,0,0,0,0,false,
31,2019-04-24,Procés participatiu sobre el II Programa de dones del món rural i marítim,II-programa-dones-mon-maritim, ,,,,,,procès,,,,,2016-06-10,,false,,,0,0,0,0,0,0,0,0,0,0,0,0,0,0,false,
43,2019-04-24,"Procés participatiu Ara és demà, sobre el futur de l'educació a Catalunya",ara-es-dema,"Ara és demà és el nom del debat que el Consell Escolar de Catalunya (CEC), organisme en què hi ha representats els diversos sectors de la comunitat educativa, té l'encàrrec d'articular sobre el futur de l'educació al nostre país. L’objectiu és reflexionar sobre les polítiques educatives per avançar en qualitat i equitat i afavorir l’èxit de tot l’alumnat.",ambdos,,,,,procès,,,,,2017-04-15,,false,,,139,0,139,0,239,0,0,0,239,0,0,1,0,0,false,
42,2019-04-24,Procés participatiu per enriquir i donar a conèixer el Pla de Ciutadania i de les Migracions 2017-2020. ,enriquir-pla-ciutadania,"Catalunya és un país d’immigració i ho seguirà sent. Atès que l’acollida i la integració de les persones immigrades són competència de la Generalitat, s’està preparant un nou Pla de Ciutadania i de les Migracions 2017-2020 (PCM) per planificar i consensuar les accions polítiques a emprendre durant els propers quatre anys. ",virtual,,,,,procès,,,,,2016-12-07,,false,,,7,0,7,0,8,0,0,0,8,0,0,0,0,0,false,
165,2019-04-24,Taula de Qualitat de l'Aire al Camp de Tarragona,aire-camp-tarragona,Intercanviar informació entre els seus membres en matèria de qualitat de l’aire i dels efectes que les emissions atmosfèriques puguin tenir sobre la salut de les persones,,,,,,,,,,,,,false,,,0,0,0,0,0,0,0,0,0,0,0,0,0,0,false,
120,2019-04-24,Consulta pública prèvia a l’elaboració de l’Ordre que estableix el procediment d'autorització dels centres d’immersió per a la gestió d’activitats per a la pràctica de la immersió amb i sense mitjans artificials a la Reserva de les Illes Medes ,reservaillesmedes,Consulta pública prèvia a l’elaboració de l’Ordre que estableix el procediment d'autorització dels centres d’immersió per a la gestió d’activitats per a la pràctica de la immersió amb i sense mitjans artificials a la Reserva de les Illes Medes ,,,,,,normativa,,,20,2018-02-22,2018-03-14,,false,,,0,0,0,0,0,0,0,0,0,0,0,0,0,0,false,
174,2019-04-24,Elaboració de l'Agenda Urbana de Catalunya,Agendaurbana,"Durant les últimes dècades, el món ha desenvolupat una forta concentració de la població a les zones urbanes i segons estudis de Nacions Unides es preveu que aquesta concentració vagui en augment. En el cas de Catalunya, gairebé el 80% de la població viu a municipis de més de 10.000 habitants i la influència de les àrees urbanes s’estén més enllà dels límits físics de les nostres ciutats per abastar tot el territori.",,,,,,procès,,,333,2019-01-01,2019-11-30,,false,,,0,0,0,0,0,0,0,0,0,0,0,0,0,0,false,
30,2019-04-24,Aportacions per al 3r Congrés de l'Associacionisme i el Voluntariat,tercer-congres-associacionisme-voluntariat, ,virtual,,,,,procès,,,,,2016-05-11,,false,,,1,0,1,0,1,0,0,0,1,0,0,0,0,0,false,
126,2019-04-24,Consulta pública prèvia a l'Avantprojecte de llei de composició del Consell Escolar de Catalunya (CEC) ,consell-escolar-catalunya,Consulta pública prèvia a l'Avantprojecte de llei de composició del Consell Escolar de Catalunya (CEC) ,,,,,,normativa,,,0,2017-11-29,2017-11-29,,false,,,0,0,0,0,0,0,0,0,0,0,0,0,0,0,false,
193,2019-04-24,Aprovació del Pla territorial sectorial d’habitatge,pla-territorial-sectorial-habitatge,"L’article 69 de la LTAIPBG preveu la participació de la ciutadania en l’elaboració d’iniciatives normatives, quan, per la importància que tenen o per la matèria que regulen, l’Administració pública considera pertinent obrir una consulta a la ciutadania des de l’inici de la tramitació del procediment administratiu. Per aquesta raó, i també en compliment del tràmit de consulta pública prèvia d’aquest decret previst a l’article 133 de la Llei 39/2015, d’1 d’octubre, de procediment administratiu, es va realitzar una primera consulta pública prèvia. Aquest primer exercici va permetre conèixer les opinions i el posicionament de la ciutadania respecte d’aquells punts que han servit per a una millora.Es poden consultar les contribucions rebudes per a aquest primer tràmit a l’enllaç Es considera ara oportú obrir ara una consulta sobre el projecte normatiu inicial.  ",virtual,,,,,normativa,,,43,2018-12-18,2019-01-30,,false,,,4,0,4,0,4,0,0,4,4,0,0,0,0,0,false,
13,2019-04-24,Promoció de la conscienciació fiscal ,promocio-conscienciacio-fiscal, ,virtual,,,,,procès,,,,,2015-10-31,,false,,,1,0,1,0,1,0,0,0,1,0,0,0,0,0,false,
29,2019-04-24,"Valoració de la difusió que realitza el Departament d'Agricultura, Ramaderia i Pesca de la Política Agrària comuna 2014-2020",valoracio-difusio-departaments, ,,,,,,procès,,,,,2016-04-14,,false,,,0,0,0,0,0,0,0,0,0,0,0,0,0,0,false,
189,2019-04-24,La meva consulta,altraprova,"Posar una descripció breu de la consulta, en 2-3 línies per que va en format de text de cos superior.",,,,,,normativa,,,93,2018-09-26,2018-12-28,,false,,,0,0,0,0,0,0,0,0,0,0,0,0,0,0,false,
158,2019-04-24,Consell per a la Prevenció i la Gestió de Residus a Catalunya,consell-prevencio-residus,Òrgan d'assessorament del Consell de Direcció de l'Agència de Residus de Catalunya i el mecanisme que possibilita la participació de la societat en el debat públic ambiental en matèria de residus.,,,,,,,,,,,,,false,,,0,0,0,0,0,0,0,0,0,0,0,0,0,0,false,
99,2019-04-24,Procés participatiu per a l'elaboració del Pla estratègic sobre educació i voluntariat ambiental als Parcs Naturals,educacio-voluntariat-ambiental-parcs, ,,,,,,procès,,,,,2017-10-09,,false,,,0,0,0,0,0,0,0,0,0,0,0,0,0,0,false,
132,2019-04-24,Consulta pública prèvia relativa al decret dels equipaments cívics de la Generalitat de Catalunya,consultapublicaequipamentscivics,"Actualment la xarxa d’equipaments cívics està composada per 172 equipaments cívics, entre els que hi ha ludoteques, hotels d’entitats, cases del mar, casals de gent gran i casals cívics. Ens trobem doncs, després de 20 anys, davant de la necessitat d’una nova regulació d’aquests equipaments cívics que doni resposta als profunds canvis socials, culturals i demogràfics i econòmics que s’han esdevingut.",virtual,,,,,normativa,,,32,2018-07-11,2018-08-12,,false,,,2,0,2,0,2,0,0,0,2,0,0,0,0,0,false,
161,2019-04-24,Òrgans rectors i de participació dels Parcs Naturals,parcs-naturals,"Òrgans col·legiats que donen suport a la gestió dels espais naturals per tal d'assolir els seus objectius i finalitats, establerts per la norma que els va declarar.",,,,,,,,,,,,,false,,,0,0,0,0,0,0,0,0,0,0,0,0,0,0,false,
115,2019-04-24,Pla director urbanístic de Rialb,rialb,"El procés participatiu del Pla Director Urbanístic de l’Embassament de Rialb, impulsat pel Consorci Segre Rialb i la Generalitat de Catalunya, vol recollir les propostes de la població i els actors implicats, per al futur i la dinamització d’un territori format per 6 municipis.",presencial,,,,,procès,,,293,2018-03-14,2019-01-01,,false,,,0,0,0,0,0,0,0,0,0,0,0,2,0,0,false,
79,2019-04-24,Consulta pública prèvia a l'elaboració del Projecte d'ordre per a l'aprovació de l'Índex de referència del lloguer d'habitatges,aprovacio-index-referencia-lloguer,Consulta pública prèvia a l'elaboració del Projecte d'ordre per a l'aprovació de l'Índex de referència del lloguer d'habitatges,,,,,,normativa,,,,,2017-08-21,,false,,,0,0,0,0,0,0,0,0,0,0,0,0,0,0,false,
152,2019-04-24,"Consulta ciutadana sobre el projecte reglamentari de desenvolupament de la Llei 19/2014, del 29 de desembre, de transparència, accés a la informació pùblica i bon govern",consulte-projecte-normatiu,Recollir observacions que millorin el contingut i la redacció dels articles des del punt de vista d’una bona comprensió de la ciutadania i rebre aportacions que incorporin aspectes no recollits i que donin valor al desenvolupament de la Llei de Transparència,virtual,,,,,normativa,,,22,2018-09-26,2018-10-18,,false,,,2,0,2,0,2,0,0,0,2,0,0,0,0,0,false,
157,2019-04-24,Qualificació i habilitació professional del personal auxiliar d'atenció a la dependència,QUALIFICACIOPROFESSIONAL,"L'objecte d'aquesta normativa es regular la qualificació professional dels auxiliars d'atenció a la dependència i facilitar que les persones amb experiència laboral abans del 31 de desembre de 2017, però sense titulació o certificació oficial puguin habilitar-se.",,1,Nacional,,,normativa,,Nacional,22,2018-10-11,2018-11-02,,false,,,0,0,0,0,0,0,0,0,0,0,0,0,0,0,false,
188,2019-04-24,Títol consulta,dejeccionsramaderes,asdfasdf,,,,,,normativa,,,46,2018-11-30,2019-01-15,,false,,,0,0,0,0,0,0,0,0,0,0,0,0,0,0,false,
164,2019-04-24,Consulta pública prèvia a l’Avantprojecte de llei per fomentar la mediació en conflictes familiars,SessioinfoMediacio," El Departament de Justícia obre a consulta pública prèvia l’elaboració de l’Avantprojecte de llei de modificació del llibre segon del Codi civil de Catalunya, en relació amb l’establiment de l’obligatorietat de la sessió informativa sobre mediació en determinats conflictes familiars, i de modificació de la Llei 15/2009, del 22 de juliol, de mediació en l'àmbit del dret privat, en relació amb el canvi de denominació del Centre de Mediació de Dret Privat de Catalunya   ",virtual,,,,,normativa,,,20,2018-10-11,2018-10-31,,false,,,11,0,11,0,26,1,0,25,26,0,0,0,0,0,false,
159,2019-04-24,Consulta sobre fundacions,fundacions,un paràgraf sobre de què tracta de la consulta,,,,,,normativa,,,2,2018-10-12,2018-10-14,,false,,,0,0,0,0,0,0,0,0,0,0,0,0,0,0,false,
96,2019-04-24,Consulta pública prèvia corresponent a la proposta de nou decret regulador de l’ACTIC,decret-regulador-actic,Consulta pública prèvia corresponent a la proposta de nou decret regulador de l’ACTIC,virtual,,,,,normativa,,,,,2017-09-22,,false,,,1,0,1,0,3,0,0,0,3,0,0,0,0,0,false,
61,2019-04-24,"Consulta pública prèvia a l’elaboració del reglament de desenvolupament parcial de la   Llei 19/2014, de transparència, accés a la informació pública i bon govern (LTAIBG)",llei-19-2014,"Consulta pública prèvia a l’elaboració del reglament de desenvolupament parcial de la  Llei 19/2014, de transparència, accés a la informació pública i bon govern (LTAIBG)",virtual,,,,,normativa,,,,,2017-03-26,,false,,,6,0,6,0,6,0,0,0,6,0,0,0,0,0,false,
138,2019-04-24,Consulta pública prèvia relativa a la modificació de l'impost sobre els actius no productius de les persones jurídiques ,IANP,La iniciativa pretén modificar alguns dels elements essencials del tribut per tal de dotar a la regulació vigent d'una major seguretat jurídica. ,,,,,,normativa,,,31,2018-08-10,2018-09-10,,false,,,0,0,0,0,0,0,0,0,0,0,0,0,0,0,false,
222,2019-04-24,Projecte de decret de les metodologies  de càlcul d’emissions de gasos amb efecte d’hivernacle i l’anàlisi de la vulnerabilitat front els impactes del canvi climàtic en l’avaluació ambiental de plans i programes,emissions-gasos-hivernacle,"En el cas de l’avaluació ambiental de plans i programes es disposa ja d’una certa experiència en la realització de càlculs d’emissions de gasos amb efecte d’hivernacle així com també de l’anàlisi de la vulnerabilitat en plans i programes. Per tant aquesta consulta té com objectiu conèixer quina ha estat l’experiència dels diferents actors, quines han estat les principals dificultats o barreres que s’han trobat per a poder incloure aquesta informació, o com creuen que s’ha d’orientar l’aplicació d’aquest mandat legal inclòs a la Llei 16/2017, d’1 d’agost, del canvi climàtic.Així mateix, la consulta pública pot aportar diferents aproximacions tècniques sobre quin hauria de ser l’abast tècnic dels càlculs i quins han de ser els factors d’emissió emprats, quines fases de la planificació hauria d’abordar, la consideració d’un ventall més ampli de sectors emissors de gasos amb efecte d’hivernacle o bé noves metodologies d’anàlisi territorialitzades de la vulnerabilitat front als impactes del canvi climàtic.",,,,,,normativa,,,92,2019-02-28,2019-05-31,,false,,,0,0,0,0,0,0,0,0,0,0,0,0,0,0,false,
186,2019-04-24,Projecte de decret per crear i regular un registre d’acords de custòdia del territori de Catalunya,registres-acords-custodia,Consulta pública relativa a l'elaboració d'un projecte de decret per crear i regular un registre d’acords de custòdia del territori de Catalunya,virtual,,,,,normativa,,,66,2018-11-23,2019-01-28,,false,,,1,0,1,0,1,1,0,0,1,0,0,0,0,0,false,
187,2019-04-24,Regulació de l'Institut Obert de Catalunya (IOC),RegulacioIOC,"L'objectiu de la consulta és obtenir informació i comprovar l'opinió de la comunitat educativa i els diferents sectors afectats per la futura regulació normativa que pretén crear, establir la denominació i regular el centre singular IOC per a la impartició específica dels ensenyaments en la modalitat d’educació no presencial;   proporcionar la necessària cobertura jurídica al centre; incrementar la seguretat jurídica i optimitzar l’eficàcia i l’eficiència en la prestació del servei públic educatiu en la modalitat no presencial.",virtual,,,,,normativa,,,60,2018-11-30,2019-01-29,,false,,,7,0,7,0,7,0,0,0,7,0,0,0,0,0,false,
125,2019-04-24,Consulta prèvia del decret pel qual s’estableixen els termes i les condicions d’integració de la pensió d’orfenesa al patrimoni dels infants o dels adolescents orfes sota la mesura de tutela o guarda de la Generalitat de Catalunya,integracio-pensio-orfenesa,Consulta prèvia del decret pel qual s’estableixen els termes i les condicions d’integració de la pensió d’orfenesa al patrimoni dels infants o dels adolescents orfes sota la mesura de tutela o guarda de la Generalitat de Catalunya,,,,,,normativa,,,,,2017-11-29,,false,,,0,0,0,0,0,0,0,0,0,0,0,0,0,0,false,
153,2019-04-24,Interior,consultatipusInterior,"Posar una descripció breu de la consulta, en 2-3 línies per que va en format de text de cos superior.",,,,,,,,,93,2018-09-26,2018-12-28,,false,,,0,0,0,0,0,0,0,0,0,0,0,0,0,0,false,
81,2019-04-24,Consulta pública prèvia a l'elaboració de la norma reglamentària sobre demarcació registral,norma-demacracio-registral,Consulta pública prèvia a l'elaboració de la norma reglamentària sobre demarcació registral,,,,,,normativa,,,,,2017-05-11,,false,,,0,0,0,0,0,0,0,0,0,0,0,0,0,0,false,
85,2019-04-24,Consulta pública prèvia a l'elaboració de l’avantprojecte de llei de caça de Catalunya,avantprojecte-llei-catalunya,Consulta pública prèvia a l'elaboració de l’avantprojecte de llei de caça de Catalunya,virtual,,,,,normativa,,,,,2017-09-30,,false,,,1,0,1,0,1,0,0,0,1,0,0,0,0,0,false,
80,2019-04-24,Consulta pública prèvia a l’elaboració de l’Ordre sobre les obligacions de transparència de les fundacions i les associacions d’utilitat pública ,obligacions-transparencia-fundacions,Consulta pública prèvia a l’elaboració de l’Ordre sobre les obligacions de transparència de les fundacions i les associacions d’utilitat pública ,virtual,,,,,normativa,,,,,2017-05-04,,false,,,1,0,1,0,2,0,0,0,2,0,0,0,0,0,false,
124,2019-04-24,Consulta pública prèvia a l’elaboració d’un projecte de decret pel qual es regulen els concerts socials ,regulacio-concerts-socials,Consulta pública prèvia a l’elaboració d’un projecte de decret pel qual es regulen els concerts socials ,,,,,,normativa,,,22,2017-10-18,2017-11-09,,false,,,0,0,0,0,0,0,0,0,0,0,0,0,0,0,false,
143,2019-04-24,"Consulta sobre la modificació del Decret 24/2013, de 8 de gener, sobre l’acreditació de la venda de proximitat de productes agroalimentaris",venda-proximitat,"Els productors o agrupacions de productors agraris que venen la producció pròpia o els seus productes d’elaboració pròpia directament als consumidors o a establiments minoristes i de restauració poden demanar una acreditació de vendra de proximitat. Després de cinc anys de vigència del decret que regula l’acreditació, es fa necessari redissenyar els continguts de la norma per fer-la més flexible i generalista.",,,,,,normativa,,,27,2018-09-03,2018-09-30,,false,,,0,0,0,0,0,0,0,0,0,0,0,0,0,0,false,
176,2019-04-24,Prova raquel consulta formació,provaraquelconsulta,"Posar una descripció breu de la consulta, en 2-3 línies per que va en format de text de cos superior.",,,,,,normativa,,,93,2018-09-26,2018-12-28,,false,,,0,0,0,0,0,0,0,0,0,0,0,0,0,0,false,
93,2019-04-24,"Projecte  de decret pel qual es regulen les condicions  de la indicació, l’ús i l’autorització de la dispensació de medicaments i productes sanitaris per part de les infermeres i els infermers",dispencacio-dels-medicaments,"Projecte de decret pel qual es regulen les condicions de la indicació, l’ús i l’autorització de la dispensació de medicaments i productes sanitaris per part de les infermeres i els infermers",virtual,,,,,normativa,,,,,2017-09-10,,false,,,59,0,59,0,66,0,0,0,66,0,0,0,0,0,false,
137,2019-04-24,Consulta pública prèvia de l'ordre sobre normalització dels instruments de planejament urbanístic,instrumentsplanejamenturbanistic,"La norma tindrà per finalitat establir l’estàndard de codificació sintètica i de representació gràfica de la classificació i la qualificació urbanístiques del sòl que permeti homologar els documents dels plans urbanístics, així com determinar els requeriments tècnics de presentació d’aquests documents per mantenir el sistema d’informació urbanística integrada de Catalunya      ",,,,,,normativa,,,73,2018-07-19,2018-09-30,,false,,,0,0,0,0,0,0,0,0,0,0,0,0,0,0,false,
84,2019-04-24,Consulta prèvia sobre l'elaboració del projecte de decret de gestió de la fertilització del sòl i de les dejeccions ramaderes,gestio-fertilitzacio-sol,Consulta prèvia sobre l'elaboració del projecte de decret de gestió de la fertilització del sòl i de les dejeccions ramaderes i d'aprovació del programa d'actuació a les zones vulnerables en relació amb la contaminació per nitrats que procedeixen de fonts agràries,,,,,,normativa,,,8,2017-07-05,2017-07-13,,false,,,0,0,0,0,0,0,0,0,0,0,0,0,0,0,false,
82,2019-04-24,Consulta pública prèvia d’un projecte de decret per a l’aprovació del Pla territorial sectorial d'Habitatge.,aprovacio-pla-territorial-habitatge,Consulta pública prèvia d’un projecte de decret per a l’aprovació del Pla territorial sectorial d'Habitatge.,virtual,,,,,normativa,,,,,2017-07-31,,false,,,1,0,1,0,1,0,0,0,1,0,0,0,0,0,false,
148,2019-04-24,Consulta sobre la venda de proximitat,vendaproximitat,"El Decret 24/2013, de 8 de gener, sobre l’acreditació de la venda de proximitat de productes agroalimentaris i agraris regula l’acreditació voluntària dels productors o agrupacions de productors agraris que venen la producció pròpia o els seus productes d’elaboració pròpia directament als consumidors o a establiments minoristes i de restauració.L’experiència assolida amb la seva aplicació, i d’acord amb les peticions del sector agroalimentari català, s’aconsella introduir determinats canvis que obeeixen a la necessitat de millorar la aplicació, l’eficàcia i flexibilitat del sistema d’acreditació de venda de proximitat, alhora que s’estableix algun aclariment per tal d’aconseguir una major claredat i seguretat jurídica.",,,,,,normativa,,,16,2018-09-14,2018-09-30,,false,,,0,0,0,0,0,0,0,0,0,0,0,0,0,0,false,
127,2019-04-24,"Consulta prèvia de modificació de l’Ordre de 8 de març de 1999, de convocatòria pública per a la participació d'entitats en el Projecte Òmnia ",projecte-omnia,"Consulta prèvia de modificació de l’Ordre de 8 de març de 1999, de convocatòria pública per a la participació d'entitats en el Projecte Òmnia ",,,,,,normativa,,,0,2017-11-29,2017-11-29,,false,,,0,0,0,0,0,0,0,0,0,0,0,0,0,0,false,
121,2019-04-24,Consulta pública prèvia a l'elaboració de projecte d'ordre sobre el procediment d'autorització excepcional de captura en viu per al control d’espècies cinegètiques depredadores i d’espècies exòtiques invasores depredadores ,especies-exotiques,Consulta pública prèvia a l'elaboració de projecte d'ordre sobre el procediment d'autorització excepcional de captura en viu per al control d’espècies cinegètiques depredadores i d’espècies exòtiques invasores depredadores ,,,,,,normativa,,,0,2017-11-29,2017-11-29,,false,,,0,0,0,0,0,0,0,0,0,0,0,0,0,0,false,
87,2019-04-24,Projecte d’Ordre per la qual s’aprova el Reglament del Registre electrònic de voluntats digitals ,registre-electronic-voluntats-digitals,Projecte d’Ordre per la qual s’aprova el Reglament del Registre electrònic de voluntats digitals ,,,,,,normativa,,,,,2017-07-28,,false,,,0,0,0,0,0,0,0,0,0,0,0,0,0,0,false,
92,2019-04-24,Consulta pública sobre la reforma de la llei de serveis funeraris a Catalunya,reforma-llei-serveis-funeraris, Consulta pública sobre la reforma de la llei de serveis funeraris a Catalunya,virtual,,,,,normativa,,,,,2017-09-30,,false,,,1,0,1,0,1,0,0,0,1,0,0,0,0,0,false,
128,2019-04-24,"Consulta pública prèvia a l'elaboració del reglament relatiu a la forma de representació, al règim de designació dels representants, a la concreció de les funcions i altres aspectes funcionals de la Taula Social del Transport Públic de Catalunya",taula-social-transport,"Consulta pública prèvia a l'elaboració del reglament relatiu a la forma de representació, al règim de designació dels representants, a la concreció de les funcions i altres aspectes funcionals de la Taula Social del Transport Públic de Catalunya",,,,,,normativa,,,0,2017-11-29,2017-11-29,,false,,,0,0,0,0,0,0,0,0,0,0,0,0,0,0,false,
145,2019-04-24,Consulta sobre la nova regulació de l’artesania alimentària a Catalunya,artesania-alimentaria,"Catalunya ha estat des de sempre un país que, en el camp alimentari, s’ha caracteritzat per tenir una gran diversitat d’empreses, que han elaborat els seus productes amb unes característiques individualitzades molt arrelades en el hàbits de consum.Aquesta producció artesana, que utilitza mètodes tradicionals d’elaboració basats en la pràctica del bon fer artesà, s’ha de conservar i promocionar des de l’Administració ja que degut al fenomen de la globalització cada vegada hi ha una major uniformitat en la producció d'aliments i cal adoptar mesures orientades a mantenir aquest patrimoni alimentari diferencial del nostre país.Però a conseqüència de la sentència 298/2016, de 15 de novembre, s’accepta que la menció “artesà” i els seus derivats es puguin incloure en l’etiquetatge d’una empresa, encara que no estigui registrada com a empresa artesana alimentària.",,,,,,normativa,,,27,2018-09-03,2018-09-30,,false,,,0,0,0,0,0,0,0,0,0,0,0,0,0,0,false,
142,2019-04-24,Consulta sobre el Reglament d’ordenació sostenible de la pesca en aigües continentals,pesca,"A Catalunya, l’activitat piscícola està avui dissenyada legislativament principalment com una activitat de lleure, mentre que emergeix una altra necessitat, més social, que és la de la pesca sostenible i el control de les espècies exòtiques invasores. A més, el foment de les espècies autòctones està assolint un paper molt important. La pesca és en un punt d’inflexió de trobada de camins: hi ha menys pescadors, cal més formació i un nou marc de gestió dels trams de pesca. Al mateix temps, cal mantenir la pesca social i d’oci com a activitat molt estesa al país.   ",,,,,,normativa,,,27,2018-09-03,2018-09-30,,false,,,0,0,0,0,0,0,0,0,0,0,0,0,0,0,false,
54,2019-04-24,Consulta prèvia a l'elaboració i redacció del Projecte de decret de regulació de la integració al cos d'inspectors d'educació dels funcionaris docents del cos d'inspectors d'educació,cos-inspectors-integracio,Consulta prèvia a l'elaboració i redacció del Projecte de decret de regulació de la integració al cos d'inspectors d'educació dels funcionaris docents del cos d'inspectors d'educació,virtual,,,,,normativa,,,,,2017-02-28,,false,,,2,0,2,0,2,0,0,0,2,0,0,0,0,0,false,
133,2019-04-24,Consulta pública prèvia relativa a la modificació de l’impost sobre les emissions de diòxid de carboni dels vehicles de tracció mecànica,consultapublicacanviclimatic,"La iniciativa té per objecte la modificació d'alguns elements de l’impost sobre les emissions de diòxid de carboni dels vehicles de tracció mecànica, regulat en la Llei 16/2017, de l’1 d’agost, del canvi climàtic.",virtual,,,,,normativa,,,31,2018-07-17,2018-08-17,,false,,,4,0,4,0,5,1,0,0,5,0,0,0,0,0,false,
211,2019-04-24,"Accés, ús i integració de registres d'origen administratiu i estadístic amb finalitats estadístiques",Registres,"Recollir aportacions que millorin el projecte de decret com ara l'accés, l'ús i la integració de registres amb finalitats estadístiques; el reaprofitament de les dades recopilades per l'Administració de la Generalitat i les entitats i organismes vinculats amb finalitats d'estadística pública; l'augment de l'aprofitament estadístic dels arxius i registres susceptibles d'aprofitament estadístic i garantir la interoperabilitat del sistema",,,,,,normativa,,,91,2019-02-05,2019-05-07,,false,,,0,0,0,0,0,0,0,0,0,0,0,0,0,0,false,
122,2019-04-24,"Consulta pública relativa a l'elaboració d'un projecte de decret de desplegament de la Llei 13/2015, de 9 de juliol, d'ordenació del sistema d'ocupació i del Servei Públic d'Ocupació de Catalunya, en l'àmbit de la concertació territorial ",servei-public-ocupacio-catalunya,"Consulta pública relativa a l'elaboració d'un projecte de decret de desplegament de la Llei 13/2015, de 9 de juliol, d'ordenació del sistema d'ocupació i del Servei Públic d'Ocupació de Catalunya, en l'àmbit de la concertació territorial ",,,,,,normativa,,,24,2017-10-20,2017-11-13,,false,,,0,0,0,0,0,0,0,0,0,0,0,0,0,0,false,
56,2019-04-24,Consulta pública decret dels serveis de comunicació audiovisual comunitaris sense ànim de lucre,serveis-comunicacio-audiovisual,Consulta pública decret dels serveis de comunicació audiovisual comunitaris sense ànim de lucre,,,,,,normativa,,,,,2017-02-24,,false,,,0,0,0,0,0,0,0,0,0,0,0,0,0,0,false,
146,2019-04-24,"Consulta sobre l’elaboració del Reglament de la Llei 18/2015, de 29 de juliol de 2015, de les organitzacions interprofessionals agroalimentàries",organitzacions-agroalimentaries,"Les organitzacions interprofessionals agroalimentàries (OIA) són aquelles constituïdes per organitzacions representatives de la producció, de la transformació i en el seu cas de la comercialització i distribució agroalimentària, de un sector o producte inclòs dins del sistema agroalimentari.La Llei 18/2015 regula el reconeixement, les finalitats, els acords i les extensions de normes de les OIA que tinguin un àmbit d’actuació no superior al de Catalunya. Per poder aconseguir el reconeixement de les OIA, el seu funcionament, l’extensió de les normes que puguin acordar i la seva inscripció és necessari desenvolupar aquesta Llei 18/20125.",,,,,,normativa,,,27,2018-09-03,2018-09-30,,false,,,0,0,0,0,0,0,0,0,0,0,0,0,0,0,false,
131,2019-04-24,Consulta pública prèvia decret subhastes Agència Tributària de Catalunya,subhastesATC,"El Projecte de Decret ha d’establir l’eina tecnològica per a la celebració de subhastes electròniques i fixar les condicions necessàries per a la participació telemàtica en aquestes subhastes a través de la seu electrònica de l’Agència Tributària de Catalunya.En particular, el decret ha de fixar les condicions de constitució, gestió i devolució, si escau, per via telemàtica, dels dipòsits exigits per la normativa vigent per a participar en les subhastes electròniques.",virtual,,,,,normativa,,,31,2018-07-10,2018-08-10,,false,,,11,0,11,0,12,12,0,0,12,0,0,0,0,0,false,
171,2019-04-24,Modificació del Decret admissió a centres,Admissioacentres,"La consulta prèvia vol donar a conèixer la voluntat de modificar el procés de preinscripció i matrícula als centres educatius sostinguts amb fons públics pel que fa a l'aplicació dels criteris complementaris, atès que no contribueixen a garantir la igualtat en l'accés als llocs escolars d'una part de l'alumnat que participa en els processos d'admissió als centres docents.En concret, hi ha la voluntat de suprimir l'aplicació dels criteris complementaris consistents en: Tenir una malaltia crònica en el sistema digestiu, endocrí o metabòlic, inclosa la celiaquia.Haver tingut pares, tutors o germans escolaritzats al centre per al qual es presenta la sol·licitud.",virtual,,,,,normativa,,,14,2018-10-31,2018-11-14,,false,,,31,0,31,0,38,0,0,0,38,0,0,0,0,0,false,
207,2019-04-24,Delimitació de les regions sanitàries i dels sectors sanitaris del Servei Català de la Salut,decret-delimitacio-territorial,El Departament de Salut impulsa la iniciativa d’un projecte de decret de delimitació de les regions sanitàries i dels sectors sanitaris del Servei Català de la Salut.,,,,,,normativa,,,42,2019-02-05,2019-03-19,,false,,,0,0,0,0,0,0,0,0,0,0,0,0,0,0,false,
185,2019-04-24,Creació de la Comissió Territorial d'Urbanisme del Penedès i modificació puntual de les comissions d’urbanisme,comissions-urbanisme,"L’article 69 de la LTAIPBG preveu la participació de la ciutadania en l’elaboració d’iniciatives normatives, quan, per la importància que tenen o per la matèria que regulen, l’Administració pública considera pertinent obrir una consulta a la ciutadania des de l’inici de la tramitació del procediment administratiu. Per aquesta raó, i també en compliment del tràmit de consulta pública prèvia d’aquest decret previst a l’article 133 de la Llei 39/2015, d’1 d’octubre, de procediment administratiu, es va realitzar una primera consulta pública prèvia. Aquest primer exercici va permetre conèixer les opinions i el posicionament de la ciutadania respecte d’aquells punts que han servit per a una millora.Es poden consultar les contribucions rebudes per a aquest primer tràmit a l’enllaç Es considera ara oportú obrir ara una consulta sobre el projecte normatiu inicial.  ",,,,,,normativa,,,25,2018-11-22,2018-12-17,,false,,,0,0,0,0,0,0,0,0,0,0,0,0,0,0,false,
223,2019-04-24,Un nou model energètic per Catalunya,transicioenergetica,Debats en línia amb l'objectiu de reflexionar i plantejar les necessitats i solucions per a realitzar una transició de model energètic a Catalunya.,ambdos,,,,,procès,,,107,2019-02-12,2019-05-30,,false,,,1,0,1,0,37,0,0,0,37,0,0,1,0,0,false,
180,2019-04-24,Reglament de la Renda Garantida de Ciutadania,reglamentRGC,"L’objectiu del decret és donar compliment al que estableix disposició final primera de la llei 14/2017, del 20 de juliol, de la renda garantida de ciutadania, que en el termini de tres mesos a comptar de l’aprovació de la llei, el govern ha d’iniciar els tràmits de desplegament reglamentari. Aquest projecte anirà dirigit a afavorir la situació de les persones amb menys recursos a Catalunya i, sobretot, arran de l'emergència social que ha comportat la crisi econòmica. Se sotmet a debat públic l’obligatorietat de desenvolupar reglamentàriament la renda garantida de ciutadania.",virtual,,,,,normativa,,,21,2018-11-13,2018-12-04,,false,,,1,0,1,0,1,0,0,0,1,0,0,0,0,0,false,
175,2019-04-24,Avantprojecte de llei integral de la memòria democràtica de Catalunya,memoriademocratica,"L'objecte d'aquesta normativa és impulsar una política pública de memòria històrica per harmonitzar i actualitzar les normes vigents; integrar en una sola llei la normativa reguladora dels ens públics de memòria democràtica, i disposar d'un marc normatiu clar que millori la coherència i la transparència.",virtual,,,,,normativa,,,30,2018-11-09,2018-12-09,,false,,,22,0,22,0,28,0,0,0,28,0,0,0,0,0,false,
209,2019-04-24,Estratègia Nacional d'Atenció Primària i Salut Comunitària (ENAPISC) CRONICITAT,enapisc-cronicitat,"Quin creus que seria la millor manera d'atendre la cronicitat des de l'Atenció Primària? Ajuda'ns a decidir el futur del Model d'Atenció a la Cronicitat de Catalunya.Davant la necessitat de fixar un model cap al que avançar en referència a l'atenció a la cronicitat i la diversitat de visions dels professionals de la salut, es fa necessari incorporar la veu de les persones implicades en aquesta estratègia de país en el procés de deliberació. ",,1,Nacional,,,procès,,Nacional,28,2019-02-05,2019-03-05,,false,,,0,0,0,0,0,0,0,0,0,0,0,0,0,0,false,
196,2019-04-24,Projecte de decret  relatiu a la composició i funcionament de la Taula Social del Canvi Climàtic,taula-social-canvi-climatic,"La consulta vol conèixer l’opinió sobre quina ha de ser la composició de la Taula per poder garantir la seva representativitat. Així mateix ha d’establir un règim de funcionament que permeti el debat, l’intercanvi d’informació i també la presa d’acords en tots aquells temes rellevants en matèria de canvi climàtic, ja sigui des de la vessant de la mitigació (reducció de les emissions de gasos amb efecte d’hivernacle) com de l’adaptació als impactes del canvi climàtic.",virtual,,,,,normativa,,,91,2018-12-21,2019-03-22,,false,,,4,0,4,0,7,0,0,0,7,0,0,0,0,0,false,
195,2019-04-24,Consulta pública prèvia a l'elaboració d'un projecte de decret sobre administració digital,administraciodigital,"L'objectiu de la consulta és copsar la percepció, l'experiència i el criteri de la ciutadania pel que fa al seu accés als serveis d'administració digital així com a l’exercici dels seus drets en aquest context.",virtual,,,,,normativa,,,63,2018-12-27,2019-02-28,,false,,,7,0,7,0,10,0,0,0,10,0,0,0,0,0,false,
200,2019-04-24,Projecte de decret per crear el Consell Català de Cogestió Marítima,CCCMdecret,L'objectiu de la consulta és copsar el criteri de la ciutadania per tal de definir com ha de ser el Consell Català de Cogestió Marítima.,,1,Nacional,,,,,Nacional,,,,,false,,,0,0,0,0,0,0,0,0,0,0,0,0,0,0,false,
198,2019-04-24,Proces participatiu proves Raquel video,provaRaquel,añsdkfj,virtual,,,,,,,,7,2019-01-23,2019-01-30,,false,,,0,0,0,0,0,0,0,0,0,0,0,0,0,1,false,
225,2019-04-24,Elaboració d'un marc de drets i deures digitals a Catalunya,dretsideuresdigitalsCatalunya,"El conseller de Polítiques Digitals i Administració Pública, Jordi Puigneró, va anunciar a finals de 2018 que el Govern de la Generalitat de Catalunya promouria la creació d’un marc sobre drets i deures digitals. En aquest sentit, va avançar que el Departament, a través de la Direcció General de Societat Digital, crearia un grup de treball amb institucions, professionals, persones expertes i societat civil per tal de dissenyar, de forma oberta i col·laborativa, “una carta de drets i deures digitals”, i poder-la presentar aquest any 2019.",presencial,1,Nacional,,,,,Nacional,,,,,false,,,0,0,0,0,0,0,0,0,0,0,0,3,0,0,false,
172,2019-04-24,"Consulta pública prèvia a l’elaboració d’un projecte pel qual es modifica el Decret 40/2014 de 25 de març, d’ordenació de les explotacions ramaderes",explotacionsramaderes,L’objectiu de la modificació és enfortir les mesures de bioseguretat que regula l’actual decret 40/2014 per tal de prevenir l’entrada de malaties que poden tenir un gran impacte en el sector ramader.,,,,,,normativa,,,31,2018-11-06,2018-12-07,,false,,,0,0,0,0,0,0,0,0,0,0,0,0,0,0,false,
203,2019-04-24,Pla director urbanístic de les activitats de càmping,pdu-activitats-camping,"El Pla director urbanístic de les activitats de càmping té per finalitat ordenar les activitats de càmping per tal d'assolir una activitat sostenible ambientalment, socialment i econòmicament. Això es concreta en quatre objectius:Garantir un encaix urbanístic, ambiental i paisatgístic de les noves implantacions.Mantenir el caràcter d’espais oberts tant de l’entorn com de l’àmbit de l’activitat. Fixar objectius de qualitat als quals adequar les activitats existents.Establir les determinacions i previsions necessàries per garantir el desenvolupament sostenible en el futur.",,,,,,normativa,,,364,2018-10-01,2019-09-30,,false,,,0,0,0,0,0,0,0,0,0,0,0,0,0,0,false,
204,2019-04-24,LA MEVA SALUT,lamevasalut,"El Departament de Salut després de fer una avaluació dels 10 anys de la posada en marxa de La Meva Salut, és conscient que els nous passos en el desenvolupament del projecte exigeixen processos de maduració social i de participació ciutadana per tal de millorar la seva accessibilitat, qualitat, rellevància, eficiència així com, la seva disseminació i impacte.En coherència amb aquesta fita, el present projecte es proposa com a objectiu general aprofundir en les necessitats, requeriments, expectatives i experiències del ciutadans de Catalunya respecte a l’espai digital La Meva Salut per tal d’integrar aquestes aportacions en els futurs desenvolupaments d’aquest recurs electrònic i impulsar un major accés i utilització per part dels ciutadans en definitiva més orientat al destinatari: el ciutadà.",presencial,,,,,procès,,,116,2019-02-04,2019-05-31,,false,,,0,0,0,0,0,0,0,0,0,0,0,1,0,0,false,
206,2019-04-24,Prova SALUT,processalut,describpció breu,presencial,,,,,procès,,,141,2019-01-24,2019-06-14,,false,,,0,0,0,0,0,0,0,0,0,0,0,1,0,0,false,
199,2019-04-24,Procés participatiu del Pla Europa,plaeuropa,"El Pla Europa és una iniciativa impulsada pel Departament d’Acció Exterior, Relacions Institucionals i Transparència que promou el debat al voltant de la Unió Europea (UE). El projecte neix amb el doble objectiu d’afirmar la presència i la influència de Catalunya a Europa i apropar la ciutadania al projecte europeu.Un cop presentat el llibre verd del Pla Europa que plasma la visió preliminar del Govern en els grans debats europeus, s’inicia la segona fase, que consisteix en un procés de participació ciutadana adreçat a tota la ciutadania. L’objectiu és elaborar un llibre blanc amb les visions del Govern i les aportacions recollides de la societat civil que servirà per guiar les futures actuacions del Govern de Catalunya a Europa.",ambdos,,,,,procès,,,131,2018-11-20,2019-03-31,,false,,,0,0,0,0,0,0,0,0,0,0,0,1,0,5,false,
212,2019-04-24,Accés a dades confidencials amb finalitats científiques emparades pel secret estadístic,secret,"Recollir aportacions que millorin el projecte de decret a partir d'un protocol d'accés a dades confidencials amb finalitats científiques, com ara la determinació dels criteris d'accés, dels requisits dels projectes de recerca, i les garanties de seguretat i preservació de les dades",,,,,,normativa,,,91,2019-02-12,2019-05-14,,false,,,0,0,0,0,0,0,0,0,0,0,0,0,0,0,false,
205,2019-04-24,Modificació del decret d'entitats esportives de Catalunya,decretentitatsesportives,"L'objectiu de la modificació és facilitar el reconeixement laboral dels presidents o presidentes de les entitats esportives, mitjançant una retribució per les tasques de desenvolupen en el sí de l'entitat, per tal de millorar-ne el funcionament i obtenir una gestió més professionalitzada del dia a dia de les entitats esportives.",virtual,,,,,normativa,,,59,2019-01-25,2019-03-25,,false,,,1,0,1,0,1,0,0,1,1,0,0,0,0,0,false,
182,2019-04-24,"Consulta pública per a la modificació del decret dels criteris per a l’elaboració dels mapes de capacitat acústica i del decret pel qual s’aprova el Reglament de la Llei 16/2002, de 28 de juny, de protecció contra la contaminació acústica",acustica,"Consulta pública per a la modificació del Decret 245/2005, de 8 de novembre, pel qual es fixen els criteris per a l’elaboració dels mapes de capacitat acústica i del Decret 176/2009, de 10 de novembre, pel qual s’aprova el Reglament de la Llei 16/2002, de 28 de juny, de protecció contra la contaminació acústica",virtual,,,,,normativa,,,100,2018-11-20,2019-02-28,,false,,,11,1,11,1,16,0,0,6,16,0,0,0,0,0,false,
178,2019-04-24,Regulació ensenyaments no reglats de música i dansa,musicaidansa,La consulta prèvia vol donar a conèixer la voluntat d‘actualitzar la regulació de l’oferta formativa i dels requisits de les escoles que imparteixen ensenyaments no reglats de música i de dansa per adaptar-la a l’evolució dels programes que s’imparteixen i fomentar-ne la qualitat.,virtual,,,,,normativa,,,91,2018-11-08,2019-02-07,,false,,,16,0,16,0,21,0,0,0,21,0,0,0,0,0,false,
208,2019-04-24,Procés participatiu sobre el model de menjadors escolars,menjadors-escolars,El Govern de la Generalitat proposa l'establiment d'un model de menjadors escolars. El procés de participació ciutadana té per objectiu que la ciutadania pugui contribuir amb reflexió i propostes de contingut en aquest model.,,,,,,procès,,,,,,,false,,,0,0,0,0,0,0,0,0,0,0,0,0,0,0,false,
227,2019-04-24,Projecte de decret de la Inspecció d'Educació,InspeccioEducacio,"La iniciativa pretén determinar la finalitat, els principis, l'estructura, les atribucions, l'avaluació i el funcionament dels òrgans de la Inspecció d'Educació, així com les atribucions que corresponen a les persones que l'exerceixen. L'actualització de l'ordenació de la Inspecció ha de permetre una prestació del servei més ajustada que doni resposta als reptes i oportunitats sorgits de la transformació viscuda pel sistema educatiu en els 18 anys que han passat des de la publicació de l'anterior norma reguladora.",,,,,,normativa,,,62,2019-04-02,2019-06-03,,false,,,0,0,0,0,0,0,0,0,0,0,0,0,0,0,false,
210,2019-04-24,Estratègia Nacional d'Atenció Primària i Salut Comunitària (ENAPISC) ASSIR,enapisc-assir,"Quin creus que seria la millor manera d'atendre la salut sexual i reproductiva des de l'Atenció Primària? Ajuda'ns a decidir el futur del Model d'Atenció a la Salut Sexual i Reproductiva de Catalunya.Davant la necessitat de fixar un model cap al que avançar en referència a l'atenció a la salut sexual i reproductiva i la diversitat de visions dels professionals de la salut, es fa necessari incorporar la veu de les persones implicades en aquesta estratègia de país en el procés de deliberació. ",,1,Nacional,,,procès,,Nacional,29,2019-02-06,2019-03-07,,false,,,0,0,0,0,0,0,0,0,0,0,0,0,0,0,false,
213,2019-04-24,Projecte de decret sobre el model de governança de la pesca professional a Catalunya. ,pesca-professional,"Consulta pública prèvia a l’elaboració d’un projecte de decret de modificació del Decret 118/2018, de 19 de juny, sobre el model de governança de la pesca professional a Catalunya. ",,,,,,normativa,,,11,2019-02-08,2019-02-19,,false,,,0,0,0,0,0,0,0,0,0,0,0,0,0,0,false,
214,2019-04-24, Procés participatiu tipus tipus ,tipus,"Aquest apartat és el que es visualitza en la part principal de la pàgina del procés, heu d'explicar en 3 línies l'objectiu del procés participatiu",,1,Nacional,,,,,Nacional,,,,,false,,,0,0,0,0,0,0,0,0,0,0,0,0,0,0,false,
220,2019-04-24,Procediment de registre documental i informació per mitjans electrònics de les dades sobre el lloguer de vehicles de motor.,lloguervehiclesmotor,Les persones físiques o jurídiques que exerceixen activitats de lloguer de vehicles de motor tenen l'obligació legal de documentar i informar aquestes operacions a la Policia de la Generalitat Mossos d'Esquadra. Actualment la regulació que fixa els documents i els procediments de control d'aquestes activitats està obsoleta i no preveu els avenços tecnològics actuals. Cal un procediment únic amb una documentació única que faciliti la  informació a lliurar per tots els subjectes obligats,,,,,,normativa,,,21,2019-02-21,2019-03-14,,false,,,0,0,0,0,0,0,0,0,0,0,0,0,0,0,false,
226,2019-04-24,Consulta al mercat sobre la contractació de processos participatius,acordmarcparticipacio,"La Generalitat de Catalunya, a través de la Direcció General de Participació Ciutadana, vol posar en marxa un acord marc per a la contractació de serveis vinculats amb el disseny i l'execució de processos de participació ciutadana. L’objectiu de la consulta és contrastar l'acord marc de contractació proposat i millorar-lo amb les ofertes i propostes que poden fer tant els proveïdors d'aquest tipus de serveis, com altres unitats de contractació.El termini per participar en aquesta fase de la consulta finalitzarà el 30 d’abril de 2019.",,,,,,normativa,,,274,2019-04-01,2019-12-31,,false,,,0,0,0,0,0,0,0,0,0,0,0,0,0,0,false,
170,2019-04-24, Construïm l'Òmnia del Futur,puntsomnia,La Direcció General d’Acció Cívica i Comunitària obre un procés participatiu per reflexionar i repensar com ha de ser el Programa Òmnia els propers anys.,,,,,,procès,,,358,2019-01-07,2019-12-31,,false,,,0,0,0,0,0,0,0,0,0,0,0,0,0,0,true,"Grup motor Procés Participatiu ""Construïm l'Òmnia del Futur"""
129,2019-04-24,La contribució de Catalunya al desenvolupament global,participacooperacio,"El procés participatiu ""Visió 2030"" ha tingut com a objectiu generar una visió pròpia sobre com ha de treballar la cooperació al desenvolupament de Catalunya amb relació amb l’Agenda 2030 i els Objectius de Desenvolupament Sostenible (ODS), alhora que sustentar el futur Pla director de cooperació 2019-22, tot ampliant i diversificant les relacions, i identificant noves oportunitats de treball conjunt.",ambdos,,,,,procès,,,182,2018-07-02,2018-12-31,,false,,,18,0,18,0,29,27,0,0,29,0,0,23,0,0,false,
215,2019-04-24,Consulta pública prèvia sobre el projecte de decret pel qual es regula l'acreditació de competències en tecnologies de la informació i la comunicació (ACTIC),actic,Consulta pública prèvia sobre el projecte de decret pel qual es regula l'acreditació de competències en tecnologies de la informació i la comunicació (ACTIC),virtual,,,,,normativa,,,89,2019-02-20,2019-05-20,,false,,,1,0,1,0,1,0,0,0,1,0,0,0,0,0,false,
217,2019-04-24,Procediment de registre documental i informació per mitjans electrònics de les dades sobre la compravenda de joies i metalls preciosos.,registrejoiesimetallspreciosos,Les persones físiques o jurídiques que exerceixen activitats de compravenda de joies i metalls preciosos tenen l'obligació legal de documentar i informar aquestes operacions a la Policia de la Generalitat Mossos d'Esquadra. Actualment la regulació que fixa els documents i els procediments de control d'aquestes activitats està obsoleta i no preveu els avenços tecnològics actuals. Cal un procediment únic amb una documentació única que faciliti la  informació a lliurar per tots els subjectes obligats,virtual,1,Nacional,,,normativa,,Nacional,20,2019-02-21,2019-03-13,,false,,,1,0,1,0,1,0,0,0,1,0,0,0,0,0,false,
219,2019-04-24,Projecte de decret del Consell Català de Cogestió Marítima,consell-catala-cogestio-maritima,"El Consell Català de Cogestió Marítima, que adapta i amplia les funcions del Consell de Pesca i Afers Marítims de Catalunya, ha de permetre la participació dels actors en la definició, el desenvolupament i l'execució de les polítiques marítimes en un règim de corresponsabilitat entre l'Administració pública i els sectors implicats, els científics i les organitzacions ambientalistes, com a mecanisme per a garantir un bon estat ambiental del mar, afavorir el desenvolupament socioeconòmic en l'espai marítim i garantir el manteniment d'uns serveis ecosistèmics que són bàsics per al futur d'aquest desenvolupament, com la pesca, l'aqüicultura, les activitats nauticorecreatives i el turisme, entre altres.",,,,,,normativa,,,28,2019-02-27,2019-03-27,,false,,,0,0,0,0,0,0,0,0,0,0,0,0,0,0,false,
218,2019-04-24,Procés participatiu per a l'elaboració del Cens d’entitats del Voluntariat de Catalunya.,censentitatsvoluntariat,"Norma que regularà tot el procediment del Cens d'Entitats del Voluntariat de Catalunya en totes les seves fases (alta del cens, modificació de dades i baixa del cens)",,,,,,normativa,,,27,2019-02-25,2019-03-24,,false,,,0,0,0,0,0,0,0,0,0,0,0,0,0,0,false,
173,2019-04-24,Nou Reglament de les loteries de la Generalitat,reglamentloteries,"L’objectiu de la iniciativa que es proposa és reordenar i unificar el marc normatiu de les loteries de la Generalitat, en un text únic que reculli de manera clara i ben estructurada les diverses reglamentacions existents amb rang de decret, fet que suposa un pas més enllà de la línia endegada durant la darrera dècada a fi d’homogeneïtzar l’esmentat marc normatiu.La iniciativa vol aconseguir:●       Unificar i optimitzar la sistemàtica de l’actual marc jurídic de les loteries de la Generalitat.●       Evitar la dispersió actual i facilitar al màxim a la ciutadania el coneixement i la consulta de tot allò referent a la regulació de les loteries de la Generalitat. D’aquesta manera, es reforcen els principis de transparència i bona regulació.",virtual,,,,,normativa,,,30,2018-11-06,2018-12-06,,false,,,1,0,1,0,1,1,0,0,1,0,0,0,0,0,false,
183,2019-04-24,"Consulta pública prèvia a l'elaboració d'un projecte de decret de modificació del Decret 344/2006, de 19 de setembre, de regulació dels estudis d'avaluació de la mobilitat generada",decretEAMG,"La iniciativa pretén millorar l’actual situació envers la redacció dels EAMG, per tal de continuar promovent com fins ara que la nova mobilitat generada en els diferents àmbits planificats segueixin unes pautes caracteritzades per la preponderància dels mitjans de transport més sostenibles, i així acomplir amb el canvi de model de mobilitat promogut per la Llei 9/2003, de 13 de juny, de la mobilitat.Però alhora es considera que aquests objectius vigents caldria que es complementessin amb els següents:La reducció d’impactes ambientals vinculats a la mobilitat. La promoció d’un model de mobilitat activa.La introducció de principis d’equitat social en el planejament urbanístic, des del punt de vista de la mobilitat.Millora dels mecanisme d’aplicació del decret i la implantació de les seves mesures.",,,,,,normativa,,,31,2019-04-01,2019-05-02,,false,,,0,0,0,0,0,0,0,0,0,0,0,0,0,0,false,
216,2019-04-24,Reglament d'un joc de loteria nou,reglamentnovaloteria,"La iniciativa que se sotmet a consulta pública persegueix la creació i regulació d’un joc de loteria en el marc de les funcions atorgades a l’Entitat Autònoma de Jocs i Apostes (EAJA) en desenvolupament de la competència estatutària en matèria de joc i apostes.El segment de mercat en que opera l’EAJA requereix seguir les tendències d’actualització als temps i d’adaptació a l’evolució de les preferències dels ciutadans que hi participen. És per aquest motiu, que l’EAJA, en desenvolupament de les seves funcions, es planteja la comercialització d’un joc de loteria que doni cobertura a les possibilitats actuals que el mercat presenta, i sempre atenent els valors del joc responsable que impera en tots i cadascuna dels jocs que aquesta comercialitza. ",virtual,,,,,normativa,,,31,2019-03-06,2019-04-06,,false,,,2,0,2,0,2,2,0,0,2,0,0,0,0,0,false,
221,2019-04-24,Sorteig de la Grossa Sant Joan,grossasantjoan,La iniciativa que se sotmet a consulta pública prèvia pretén impulsar l’elaboració d’un projecte d’ordre que reguli les categories de premis i la distribució de l’import total destinat a premis entre les diferents categories pel sorteig de la Grossa Sant Joan 2019 i següents.Amb la iniciativa es pretén solucionar el problema consistent en què les ordres que actualment regulen les categories de premis i la distribució de l’import total que s’hi destina entre les diferents categories no contemplen la realització d’aquest nou sorteig de la Grossa Sant Joan amb una idiosincràsia pròpia.,,,,,,normativa,,,28,2019-02-23,2019-03-23,,false,,,0,0,0,0,0,0,0,0,0,0,0,0,0,0,false,
179,2019-04-24,Pla director urbanístic dels sòls no sostenibles de l’Alt Pirineu,altpirineu,"La consulta prèvia del Pla Director Urbanístic dels sòls no sostenibles de l’Alt Pirineu, impulsat per la Secretaria d’Habitat Urbà i Territori, vol recollir les propostes de la població i els actors implicats, per al futur i la dinamització d’un territori format per 24 municipis.",,,,,,normativa,,,131,2018-11-20,2019-03-31,,false,,,0,0,0,0,0,0,0,0,0,0,0,0,0,0,false,
197,2019-04-24,Pressupostos participatius i tercer sector ambiental,pressupparticipatiuTSAcat,La Secretaria de Medi Ambient i Sostenibilitat engega els primers pressupostos participatius de la Generalitat de Catalunya.,,,,,,procès,,,122,2018-11-29,2019-03-31,,false,,,0,0,0,0,0,0,0,0,0,0,0,0,0,0,false,
191,2019-04-24,Consulta pública sobre l’elaboració d’un avantprojecte de Llei per regular les àrees de promoció econòmica urbana (APEU),arees-promocio-economica-urbana-apeu,"Consulta prèvia a l’elaboració del marc normatiu que permet el desenvolupament d’àrees de promoció econòmica urbana mitjançant sistemes de col·laboració público-privades, potenciant la cooperació de l’administració amb els agents socio-econòmics implicats en el desenvolupament dels centres i els eixos comercials urbans",,,,,,normativa,,,31,2018-12-10,2019-01-10,,false,,,0,0,0,0,0,0,0,0,0,0,0,0,0,0,false,
